{"format": "layers-model", "generatedBy": "keras v2.2.4", "convertedBy": "TensorFlow.js Converter v1.1.2", "modelTopology": {"keras_version": "2.2.4", "backend": "tensorflow", "model_config": {"class_name": "Sequential", "config": {"name": "sequential_1", "layers": [{"class_name": "LSTM", "config": {"name": "lstm_1", "trainable": true, "batch_input_shape": [null, 8, 512], "dtype": "float32", "return_sequences": false, "return_state": false, "go_backwards": false, "stateful": false, "unroll": false, "units": 512, "activation": "tanh", "recurrent_activation": "hard_sigmoid", "use_bias": true, "kernel_initializer": {"class_name": "VarianceScaling", "config": {"scale": 1.0, "mode": "fan_avg", "distribution": "uniform", "seed": null}}, "recurrent_initializer": {"class_name": "Orthogonal", "config": {"gain": 1.0, "seed": null}}, "bias_initializer": {"class_name": "Zeros", "config": {}}, "unit_forget_bias": true, "kernel_regularizer": null, "recurrent_regularizer": null, "bias_regularizer": null, "activity_regularizer": null, "kernel_constraint": null, "recurrent_constraint": null, "bias_constraint": null, "dropout": 0.0, "recurrent_dropout": 0.0, "implementation": 1}}]}}, "training_config": {"optimizer_config": {"class_name": "Adam", "config": {"lr": 0.0010000000474974513, "beta_1": 0.8999999761581421, "beta_2": 0.9990000128746033, "decay": 0.0, "epsilon": 1e-07, "amsgrad": false}}, "loss": "mean_squared_error", "metrics": [], "sample_weight_mode": null, "loss_weights": null}}, "weightsManifest": [{"paths": ["group1-shard1of3.bin", "group1-shard2of3.bin", "group1-shard3of3.bin"], "weights": [{"name": "lstm_1/kernel", "shape": [512, 2048], "dtype": "float32"}, {"name": "lstm_1/recurrent_kernel", "shape": [512, 2048], "dtype": "float32"}, {"name": "lstm_1/bias", "shape": [2048], "dtype": "float32"}]}]}