{"format": "layers-model", "generatedBy": "keras v2.2.4", "convertedBy": "TensorFlow.js Converter v1.1.2", "modelTopology": {"keras_version": "2.2.4", "backend": "tensorflow", "model_config": {"class_name": "Sequential", "config": {"name": "sequential_136", "layers": [{"class_name": "Dense", "config": {"name": "dense_136", "trainable": true, "batch_input_shape": [null, 512], "dtype": "float32", "units": 2560, "activation": "sigmoid", "use_bias": true, "kernel_initializer": {"class_name": "VarianceScaling", "config": {"scale": 1.0, "mode": "fan_avg", "distribution": "normal", "seed": null}}, "bias_initializer": {"class_name": "Zeros", "config": {}}, "kernel_regularizer": null, "bias_regularizer": null, "activity_regularizer": null, "kernel_constraint": null, "bias_constraint": null}}]}}, "training_config": {"optimizer_config": {"class_name": "Adam", "config": {"lr": 0.0010000000474974513, "beta_1": 0.8999999761581421, "beta_2": 0.9990000128746033, "decay": 0.0, "epsilon": 1e-07, "amsgrad": false}}, "loss": "mean_squared_error", "metrics": ["mean_squared_error"], "sample_weight_mode": null, "loss_weights": null}}, "weightsManifest": [{"paths": ["group1-shard1of2.bin", "group1-shard2of2.bin"], "weights": [{"name": "dense_136/kernel", "shape": [512, 2560], "dtype": "float32"}, {"name": "dense_136/bias", "shape": [2560], "dtype": "float32"}]}]}